model,RMSE,MAE,Precision@10,Recall@10
CF_SVD,0.8523046212172545,0.6500554158844554,0.7263485558157685,0.67764776905641
CBF_only,1.469376101421164,1.2078882117572354,0.6743813427010148,0.6516827886354568
Hybrid,0.9070610194782114,0.7258056924879217,0.7268403590944573,0.677605647540357
